автоматичен	автоматичен
автоматична	автоматичен
автоматичната	автоматичен
автоматични	автоматичен
автоматичните	автоматичен
автоматичния	автоматичен
автоматичният	автоматичен
автоматично	автоматичен
автоматичност	автоматичен
автоматичното	автоматичен
ако	ако
акото	ако
бе	съм
без	без
безопасен	безопасен
безопасна	безопасен
безопасната	безопасен
безопасни	безопасен
безопасните	безопасен
безопасния	безопасен
безопасният	безопасен
безопасно	безопасен
безопасност	безопасен
безопасност	безопасност
безопасността	безопасност
безопасното	безопасен
беше	съм
бидейки	съм
бил	съм
била	съм
билата	съм
били	съм
билите	съм
билия	съм
билият	съм
било	съм
билото	съм
болт	болт
болта	болт
болтов	болт
болтове	болт
болтовете	болт
болтче	болт
болтът	болт
броеве	брой
броевете	брой
брой	брой
бройове	брой
бройовете	брой
броя	брой
броят	брой
бъдейки	съм
бъдете	съм
бъди	съм
бях	съм
бяха	съм
бяхме	съм
бяхте	съм
в	в
вал	вал
вала	вал
валове	вал
валовете	вал
валът	вал
веднага	веднага
верига	верига
веригата	верига
вериги	верига
веригите	верига
верижен	верига
верижка	верига
вертикален	вертикален
вертикална	вертикален
вертикалната	вертикален
вертикални	вертикален
вертикалните	вертикален
вертикалния	вертикален
вертикалният	вертикален
вертикално	вертикален
вертикалното	вертикален
вид	вид
вида	вид
видов	вид
видове	вид
видовете	вид
видът	вид
винаги	винаги
винт	винт
винта	винт
винтов	винт
винтове	винт
винтовете	винт
винтче	винт
винтът	винт
висок	висок
висок	нисък
висока	нисък
високата	нисък
високи	нисък
високите	нисък
високия	нисък
високият	нисък
високо	нисък
високото	нисък
височина	височина
височината	височина
височини	височина
височините	височина
вкарайте	вкарайте
вкарам	вкарам
вкарвам	вкарвам
включа	включа
включва	изключвам
включвай	изключвам
включвайки	изключвам
включвайте	изключвам
включвал	изключвам
включвала	изключвам
включвалата	изключвам
включвали	изключвам
включвалите	изключвам
включвалия	изключвам
включвалият	изключвам
включвало	изключвам
включвалото	изключвам
включвам	включвам
включвам	изключвам
включваме	изключвам
включван	изключвам
включвана	изключвам
включваната	изключвам
включване	изключвам
включванета	изключвам
включванетата	изключвам
включването	изключвам
включвани	изключвам
включваните	изключвам
включвания	изключвам
включваният	изключвам
включванията	изключвам
включвано	изключвам
включваното	изключвам
включват	изключвам
включвате	изключвам
включвах	изключвам
включваха	изключвам
включвахме	изключвам
включвахте	изключвам
включваш	изключвам
включваше	изключвам
включващ	изключвам
включваща	изключвам
включващата	изключвам
включващи	изключвам
включващите	изключвам
включващия	изключвам
включващият	изключвам
включващо	изключвам
включващото	изключвам
включен	включен
включете	включете
внимание	внимание
вниманието	внимание
време	време
времена	време
времената	време
времето	време
врътвам	въртя
врътим	въртя
врътна	въртя
врътя	въртя
всеки	всеки
всекиго	всеки
всекиму	всеки
всичка	всички
всичката	всички
всички	всеки
всички	всички
всичките	всички
всичкия	всички
всичкият	всички
всичко	всички
всичкото	всички
всяка	всеки
всяко	всеки
всѣки	всеки
втора	втори
втората	втори
втори	втори
вторите	втори
втория	втори
вторият	втори
второ	втори
второто	втори
във	в
възел	възел
възела	възел
възелче	възел
възелът	възел
възла	възел
възли	възел
възлите	възел
възможен	възможен
възможна	възможен
възможната	възможен
възможни	възможен
възможните	възможен
възможния	възможен
възможният	възможен
възможно	възможен
възможно	възможно
възможност	възможен
възможното	възможен
вън	вън
външен	външен
външна	външен
външната	външен
външни	външен
външните	външен
външния	външен
външният	външен
външно	външен
външност	външен
външното	външен
въртейки	въртя
въртели	въртя
въртелите	въртя
въртелия	въртя
въртелият	въртя
въртене	въртя
въртенета	въртя
въртенетата	въртя
въртенето	въртя
въртени	въртя
въртените	въртя
въртения	въртя
въртеният	въртя
въртенията	въртя
въртете	въртя
въртеше	въртя
върти	въртя
въртим	въртя
въртите	въртя
въртиш	въртя
въртя	въртя
въртял	въртя
въртяла	въртя
въртялата	въртя
въртяло	въртя
въртялото	въртя
въртян	въртя
въртяна	въртя
въртяната	въртя
въртяно	въртя
въртяното	въртя
въртят	въртя
въртях	въртя
въртяха	въртя
въртяхме	въртя
въртяхте	въртя
въртящ	въртя
въртящ	въртящ
въртяща	въртя
въртящата	въртя
въртящи	въртя
въртящите	въртя
въртящия	въртя
въртящият	въртя
въртящо	въртя
въртящото	въртя
върху	върху
вътре	вътре
вътрешен	вътрешен
вътрешна	вътрешен
вътрешната	вътрешен
вътрешни	вътрешен
вътрешните	вътрешен
вътрешния	вътрешен
вътрешният	вътрешен
вътрешно	вътрешен
вътрешност	вътрешен
вътрешното	вътрешен
гаечен	гайка
гайка	гайка
гайката	гайка
гайката	гайката
гайки	гайка
гайките	гайка
гайчица	гайка
гладка	гладък
гладката	гладък
гладки	гладък
гладките	гладък
гладкия	гладък
гладкият	гладък
гладко	гладък
гладкост	гладък
гладкото	гладък
гладък	гладък
голем	голям
големи	голям
големите	голям
големия	голям
големият	голям
голям	голям
голяма	голям
голямата	голям
голямо	голям
голямото	голям
голѣм	голям
горен	горен
горещ	горещ
гореща	горещ
горещата	горещ
горещи	горещ
горещина	горещ
горещите	горещ
горещия	горещ
горещият	горещ
горещо	горещ
горещото	горещ
горна	горен
горната	горен
горни	горен
горните	горен
горния	горен
горният	горен
горно	горен
горното	горен
граница	граница
границата	граница
граници	граница
границите	граница
грешка	грешка
грешката	грешка
грешки	грешка
грешките	грешка
гръница	граница
гърника	граница
да	да
два	два
двата	два
две	два
двете	два
двигател	двигател
двигатели	двигател
двигателите	двигател
двигателя	двигател
двигателят	двигател
дебел	дебел
дебел	тънък
дебела	тънък
дебелата	тънък
дебели	тънък
дебелина	дебелина
дебелите	тънък
дебелия	тънък
дебелият	тънък
дебело	тънък
дебелото	тънък
действие	действие
действието	действие
действия	действие
действията	действие
демонтаж	демонтаж
демонтирайте	демонтирайте
демонтирам	демонтирам
десен	десен
десни	десен
десните	десен
десния	десен
десният	десен
детайл	детайл
детайла	детайл
детайлен	детайл
детайли	детайл
детайлите	детайл
детайлът	детайл
дефект	дефект
диаметър	диаметър
до	до
докат	докато
докато	докато
долен	долен
долна	долен
долната	долен
долни	долен
долните	долен
долния	долен
долният	долен
долно	долен
долното	долен
допуск	допуск
допустим	допустим
допустима	допустим
допустимата	допустим
допустими	допустим
допустимите	допустим
допустимия	допустим
допустимият	допустим
допустимо	допустим
допустимост	допустим
допустимото	допустим
достатъчен	достатъчен
достатъчна	достатъчен
достатъчната	достатъчен
достатъчни	достатъчен
достатъчните	достатъчен
достатъчния	достатъчен
достатъчният	достатъчен
достатъчно	достатъчен
достатъчност	достатъчен
достатъчното	достатъчен
друг	друг
друга	друг
другата	друг
други	друг
другите	друг
другия	друг
другият	друг
друго	друг
другото	друг
другъ	друг
другът	друг
друже	друг
дружка	друг
друзи	друг
друзите	друг
дръпна	дръпна
дръпна	дърпам
дръпнал	дръпна
дръпнала	дръпна
дръпналата	дръпна
дръпнали	дръпна
дръпналите	дръпна
дръпналия	дръпна
дръпналият	дръпна
дръпнало	дръпна
дръпналото	дръпна
дръпнат	дръпна
дръпната	дръпна
дръпнатата	дръпна
дръпнати	дръпна
дръпнатите	дръпна
дръпнатия	дръпна
дръпнатият	дръпна
дръпнато	дръпна
дръпнатото	дръпна
дръпнах	дръпна
дръпнаха	дръпна
дръпнахме	дръпна
дръпнахте	дръпна
дръпне	дръпна
дръпнел	дръпна
дръпнела	дръпна
дръпнели	дръпна
дръпнело	дръпна
дръпнем	дръпна
дръпнете	дръпна
дръпнете	дръпнете
дръпнех	дръпна
дръпнеха	дръпна
дръпнехме	дръпна
дръпнехте	дръпна
дръпнеш	дръпна
дръпнеше	дръпна
дръпни	дръпна
дълга	дълъг
дългата	дълъг
дълги	дълъг
дългите	дълъг
дългия	дълъг
дългият	дълъг
дълго	дълъг
дългото	дълъг
дължина	дължина
дължина	дълъг
дължината	дължина
дължини	дължина
дължините	дължина
дълъг	дълъг
дърпа	дърпам
дърпай	дърпам
дърпайки	дърпам
дърпайте	дърпам
дърпал	дърпам
дърпала	дърпам
дърпалата	дърпам
дърпали	дърпам
дърпалите	дърпам
дърпалия	дърпам
дърпалият	дърпам
дърпало	дърпам
дърпалото	дърпам
дърпам	дръпна
дърпам	дърпам
дърпаме	дърпам
дърпан	дърпам
дърпана	дърпам
дърпаната	дърпам
дърпане	дърпам
дърпанета	дърпам
дърпанетата	дърпам
дърпането	дърпам
дърпани	дърпам
дърпаните	дърпам
дърпания	дърпам
дърпаният	дърпам
дърпанията	дърпам
дърпано	дърпам
дърпаното	дърпам
дърпат	дърпам
дърпате	дърпам
дърпах	дърпам
дърпаха	дърпам
дърпахме	дърпам
дърпахте	дърпам
дърпаш	дърпам
дърпаше	дърпам
дърпащ	дърпам
дърпаща	дърпам
дърпащата	дърпам
дърпащи	дърпам
дърпащите	дърпам
дърпащия	дърпам
дърпащият	дърпам
дърпащо	дърпам
дърпащото	дърпам
дясна	десен
дясната	десен
дясно	десен
дясност	десен
дясното	десен
е	е
е	съм
електрическа	електрически
електрическата	електрически
електрически	електрически
електрическите	електрически
електрическия	електрически
електрическият	електрически
електрическо	електрически
електрическото	електрически
елемент	елемент
елемента	елемент
елементи	елемент
елементите	елемент
елементът	елемент
за	за
забележка	забележка
зави	завия
завива	завивам
завивай	завивам
завивайки	завивам
завивайте	завивам
завивал	завивам
завивала	завивам
завивалата	завивам
завивали	завивам
завивалите	завивам
завивалия	завивам
завивалият	завивам
завивало	завивам
завивалото	завивам
завивам	завивам
завивам	завия
завиваме	завивам
завиван	завивам
завивана	завивам
завиваната	завивам
завиване	завивам
завиванета	завивам
завиванетата	завивам
завиването	завивам
завивани	завивам
завиваните	завивам
завивания	завивам
завиваният	завивам
завиванията	завивам
завивано	завивам
завиваното	завивам
завиват	завивам
завивате	завивам
завивах	завивам
завиваха	завивам
завивахме	завивам
завивахте	завивам
завиваш	завивам
завиваше	завивам
завиващ	завивам
завиваща	завивам
завиващата	завивам
завиващи	завивам
завиващите	завивам
завиващия	завивам
завиващият	завивам
завиващо	завивам
завиващото	завивам
завие	завия
завиел	завия
завиела	завия
завиели	завия
завиело	завия
завием	завия
завиете	завия
завиех	завия
завиеха	завия
завиехме	завия
завиехте	завия
завиеш	завия
завиеше	завия
завий	завия
завийте	завийте
завийте	завия
завил	завия
завила	завия
завилата	завия
завили	завия
завилите	завия
завилия	завия
завилият	завия
завило	завия
завилото	завия
завит	завия
завита	завия
завитата	завия
завити	завия
завитите	завия
завития	завия
завитият	завия
завито	завия
завитото	завия
завих	завия
завиха	завия
завихме	завия
завихте	завия
завия	завивам
завия	завия
завият	завия
завъртете	завъртете
завъртя	завъртя
завърша	завърша
завърша	завършвам
завършат	завърша
завършва	завършвам
завършвай	завършвам
завършвайки	завършвам
завършвайте	завършвам
завършвал	завършвам
завършвала	завършвам
завършвалата	завършвам
завършвали	завършвам
завършвалите	завършвам
завършвалия	завършвам
завършвалият	завършвам
завършвало	завършвам
завършвалото	завършвам
завършвам	завърша
завършвам	завършвам
завършваме	завършвам
завършван	завършвам
завършвана	завършвам
завършваната	завършвам
завършване	завършвам
завършванета	завършвам
завършванетата	завършвам
завършването	завършвам
завършвани	завършвам
завършваните	завършвам
завършвания	завършвам
завършваният	завършвам
завършванията	завършвам
завършвано	завършвам
завършваното	завършвам
завършват	завършвам
завършвате	завършвам
завършвах	завършвам
завършваха	завършвам
завършвахме	завършвам
завършвахте	завършвам
завършваш	завършвам
завършваше	завършвам
завършващ	завършвам
завършваща	завършвам
завършващата	завършвам
завършващи	завършвам
завършващите	завършвам
завършващия	завършвам
завършващият	завършвам
завършващо	завършвам
завършващото	завършвам
завършел	завърша
завършела	завърша
завършели	завърша
завършело	завърша
завършен	завърша
завършена	завърша
завършената	завърша
завършени	завърша
завършените	завърша
завършения	завърша
завършеният	завърша
завършено	завърша
завършеното	завърша
завършете	завърша
завършете	завършете
завършех	завърша
завършеха	завърша
завършехме	завърша
завършехте	завърша
завършеше	завърша
завърши	завърша
завършил	завърша
завършила	завърша
завършилата	завърша
завършили	завърша
завършилите	завърша
завършилия	завърша
завършилият	завърша
завършило	завърша
завършилото	завърша
завършим	завърша
завършите	завърша
завърших	завърша
завършиха	завърша
завършихме	завърша
завършихте	завърша
завършиш	завърша
зад	зад
заден	заден
задна	заден
задната	заден
задни	заден
задните	заден
задния	заден
задният	заден
задно	заден
задното	заден
задължителен	задължителен
заедно	заедно
зает	зает
заета	зает
заетата	зает
заети	зает
заетите	зает
заетия	зает
заетият	зает
заето	зает
заетост	зает
заетото	зает
закрепвам	закрепвам
закрепете	закрепете
закрепя	закрепя
записа	запиша
записал	запиша
записала	запиша
записалата	запиша
записали	запиша
записалите	запиша
записалия	запиша
записалият	запиша
записало	запиша
записалото	запиша
записан	запиша
записана	запиша
записаната	запиша
записани	запиша
записаните	запиша
записания	запиша
записаният	запиша
записано	запиша
записаното	запиша
записах	запиша
записаха	запиша
записахме	запиша
записахте	запиша
записва	записвам
записвай	записвам
записвайки	записвам
записвайте	записвам
записвал	записвам
записвала	записвам
записвалата	записвам
записвали	записвам
записвалите	записвам
записвалия	записвам
записвалият	записвам
записвало	записвам
записвалото	записвам
записвам	записвам
записвам	запиша
записваме	записвам
записван	записвам
записвана	записвам
записваната	записвам
записване	записвам
записванета	записвам
записванетата	записвам
записването	записвам
записвани	записвам
записваните	записвам
записвания	записвам
записваният	записвам
записванията	записвам
записвано	записвам
записваното	записвам
записват	записвам
записвате	записвам
записвах	записвам
записваха	записвам
записвахме	записвам
записвахте	записвам
записваш	записвам
записваше	записвам
записващ	записвам
записваща	записвам
записващата	записвам
записващи	записвам
записващите	записвам
записващия	записвам
записващият	записвам
записващо	записвам
записващото	записвам
запиша	записвам
запиша	запиша
запишат	запиша
запише	запиша
запишел	запиша
запишела	запиша
запишели	запиша
запишело	запиша
запишем	запиша
запишете	запиша
запишете	запишете
запишех	запиша
запишеха	запиша
запишехме	запиша
запишехте	запиша
запишеш	запиша
запишеше	запиша
запиши	запиша
започва	започвам
започвай	започвам
започвайки	започвам
започвайте	започвам
започвал	започвам
започвала	започвам
започвалата	започвам
започвали	започвам
започвалите	започвам
започвалия	започвам
започвалият	започвам
започвало	започвам
започвалото	започвам
започвам	започвам
започвам	започна
започваме	започвам
започван	започвам
започвана	започвам
започваната	започвам
започване	започвам
започванета	започвам
започванетата	започвам
започването	започвам
започвани	започвам
започваните	започвам
започвания	започвам
започваният	започвам
започванията	започвам
започвано	започвам
започваното	започвам
започват	започвам
започвате	започвам
започвах	започвам
започваха	започвам
започвахме	започвам
започвахте	започвам
започваш	започвам
започваше	започвам
започващ	започвам
започваща	започвам
започващата	започвам
започващи	започвам
започващите	започвам
започващия	започвам
започващият	започвам
започващо	започвам
започващото	започвам
започна	започвам
започна	започна
започнал	започна
започнала	започна
започналата	започна
започнали	започна
започналите	започна
започналия	започна
започналият	започна
започнало	започна
започналото	започна
започнат	започна
започната	започна
започнатата	започна
започнати	започна
започнатите	започна
започнатия	започна
започнатият	започна
започнато	започна
започнатото	започна
започнах	започна
започнаха	започна
започнахме	започна
започнахте	започна
започне	започна
започнел	започна
започнела	започна
започнели	започна
започнело	започна
започнем	започна
започнете	започна
започнете	започнете
започнех	започна
започнеха	започна
започнехме	започна
започнехте	започна
започнеш	започна
започнеше	започна
започни	започна
затваря	затварям
затваряй	затварям
затваряйки	затварям
затваряйте	затварям
затварял	затварям
затваряла	затварям
затварялата	затварям
затваряли	затварям
затварялите	затварям
затварялия	затварям
затварялият	затварям
затваряло	затварям
затварялото	затварям
затварям	затварям
затварям	затворя
затваряме	затварям
затварян	затварям
затваряна	затварям
затваряната	затварям
затваряне	затварям
затварянета	затварям
затварянетата	затварям
затварянето	затварям
затваряни	затварям
затваряните	затварям
затваряния	затварям
затваряният	затварям
затварянията	затварям
затваряно	затварям
затваряното	затварям
затварят	затварям
затваряте	затварям
затварях	затварям
затваряха	затварям
затваряхме	затварям
затваряхте	затварям
затваряш	затварям
затваряше	затварям
затварящ	затварям
затваряща	затварям
затварящата	затварям
затварящи	затварям
затварящите	затварям
затварящия	затварям
затварящият	затварям
затварящо	затварям
затварящото	затварям
затворел	затворя
затворела	затворя
затворели	затворя
затворело	затворя
затворен	затворен
затворен	затворя
затворена	затворен
затворена	затворя
затворената	затворен
затворената	затворя
затворени	затворен
затворени	затворя
затворените	затворен
затворените	затворя
затворения	затворен
затворения	затворя
затвореният	затворен
затвореният	затворя
затворено	затворен
затворено	затворя
затвореното	затворен
затвореното	затворя
затворете	затворете
затворете	затворя
затворех	затворя
затвореха	затворя
затворехме	затворя
затворехте	затворя
затвореше	затворя
затвори	затворя
затворил	затворя
затворила	затворя
затворилата	затворя
затворили	затворя
затворилите	затворя
затворилия	затворя
затворилият	затворя
затворило	затворя
затворилото	затворя
затворим	затворя
затворите	затворя
затворих	затворя
затвориха	затворя
затворихме	затворя
затворихте	затворя
затвориш	затворя
затворя	затварям
затворя	затворя
затворят	затворя
затегна	затегна
затегнете	затегнете
затягам	затягам
захранване	захранване
зачтото	защото
защита	защита
защитата	защита
защитен	защита
защити	защита
защитите	защита
защот	защото
защото	защото
и	и
избера	избера
избера	избирам
изберат	избера
избере	избера
изберели	избера
изберем	избера
изберете	избера
изберете	изберете
избереш	избера
избереше	избера
избери	избера
изберял	избера
изберяла	избера
изберяло	избера
изберях	избера
изберяха	избера
изберяхме	избера
изберяхте	избера
избира	избирам
избирай	избирам
избирайки	избирам
избирайте	избирам
избирал	избирам
избирала	избирам
избиралата	избирам
избирали	избирам
избиралите	избирам
избиралия	избирам
избиралият	избирам
избирало	избирам
избиралото	избирам
избирам	избера
избирам	избирам
избираме	избирам
избиран	избирам
избирана	избирам
избираната	избирам
избиране	избирам
избиранета	избирам
избиранетата	избирам
избирането	избирам
избирани	избирам
избираните	избирам
избирания	избирам
избираният	избирам
избиранията	избирам
избирано	избирам
избираното	избирам
избират	избирам
избирате	избирам
избирах	избирам
избираха	избирам
избирахме	избирам
избирахте	избирам
избираш	избирам
избираше	избирам
избиращ	избирам
избираща	избирам
избиращата	избирам
избиращи	избирам
избиращите	избирам
избиращия	избирам
избиращият	избирам
избиращо	избирам
избиращото	избирам
избра	избера
избрал	избера
избрала	избера
избралата	избера
избрали	избера
избралите	избера
избралия	избера
избралият	избера
избрало	избера
избралото	избера
избран	избера
избрана	избера
избраната	избера
избрани	избера
избраните	избера
избрания	избера
избраният	избера
избрано	избера
избраното	избера
избрах	избера
избраха	избера
избрахме	избера
избрахте	избера
извадел	извадя
извадела	извадя
извадели	извадя
извадело	извадя
изваден	извадя
извадена	извадя
извадената	извадя
извадени	извадя
извадените	извадя
извадения	извадя
изваденият	извадя
извадено	извадя
изваденото	извадя
извадете	извадете
извадете	извадя
извадех	извадя
извадеха	извадя
извадехме	извадя
извадехте	извадя
извадеше	извадя
извади	извадя
извадил	извадя
извадила	извадя
извадилата	извадя
извадили	извадя
извадилите	извадя
извадилия	извадя
извадилият	извадя
извадило	извадя
извадилото	извадя
извадим	извадя
извадите	извадя
извадих	извадя
извадиха	извадя
извадихме	извадя
извадихте	извадя
извадиш	извадя
извадя	извадя
извадя	изваждам
извадят	извадя
изважда	изваждам
изваждай	изваждам
изваждайки	изваждам
изваждайте	изваждам
изваждал	изваждам
изваждала	изваждам
изваждалата	изваждам
изваждали	изваждам
изваждалите	изваждам
изваждалия	изваждам
изваждалият	изваждам
изваждало	изваждам
изваждалото	изваждам
изваждам	извадя
изваждам	изваждам
изваждаме	изваждам
изваждан	изваждам
изваждана	изваждам
изважданата	изваждам
изваждане	изваждам
изважданета	изваждам
изважданетата	изваждам
изваждането	изваждам
изваждани	изваждам
изважданите	изваждам
изваждания	изваждам
изважданият	изваждам
изважданията	изваждам
изваждано	изваждам
изважданото	изваждам
изваждат	изваждам
изваждате	изваждам
изваждах	изваждам
изваждаха	изваждам
изваждахме	изваждам
изваждахте	изваждам
изваждаш	изваждам
изваждаше	изваждам
изваждащ	изваждам
изваждаща	изваждам
изваждащата	изваждам
изваждащи	изваждам
изваждащите	изваждам
изваждащия	изваждам
изваждащият	изваждам
изваждащо	изваждам
изваждащото	изваждам
извън	извън
изключа	изключа
изключва	включвам
изключвай	включвам
изключвайки	включвам
изключвайте	включвам
изключвал	включвам
изключвала	включвам
изключвалата	включвам
изключвали	включвам
изключвалите	включвам
изключвалия	включвам
изключвалият	включвам
изключвало	включвам
изключвалото	включвам
изключвам	включвам
изключвам	изключвам
изключваме	включвам
изключван	включвам
изключвана	включвам
изключваната	включвам
изключване	включвам
изключванета	включвам
изключванетата	включвам
изключването	включвам
изключвани	включвам
изключваните	включвам
изключвания	включвам
изключваният	включвам
изключванията	включвам
изключвано	включвам
изключваното	включвам
изключват	включвам
изключвате	включвам
изключвах	включвам
изключваха	включвам
изключвахме	включвам
изключвахте	включвам
изключваш	включвам
изключваше	включвам
изключващ	включвам
изключваща	включвам
изключващата	включвам
изключващи	включвам
изключващите	включвам
изключващия	включвам
изключващият	включвам
изключващо	включвам
изключващото	включвам
изключен	изключен
изключете	изключете
измервам	измервам
измерете	измерете
измеря	измеря
изпита	изпитам
изпитай	изпитам
изпитайки	изпитам
изпитайте	изпитайте
изпитайте	изпитам
изпитал	изпитам
изпитала	изпитам
изпиталата	изпитам
изпитали	изпитам
изпиталите	изпитам
изпиталия	изпитам
изпиталият	изпитам
изпитало	изпитам
изпиталото	изпитам
изпитам	изпитам
изпитам	изпитвам
изпитаме	изпитам
изпитан	изпитам
изпитана	изпитам
изпитаната	изпитам
изпитане	изпитам
изпитанета	изпитам
изпитанетата	изпитам
изпитането	изпитам
изпитани	изпитам
изпитаните	изпитам
изпитания	изпитам
изпитаният	изпитам
изпитанията	изпитам
изпитано	изпитам
изпитаното	изпитам
изпитат	изпитам
изпитате	изпитам
изпитах	изпитам
изпитаха	изпитам
изпитахме	изпитам
изпитахте	изпитам
изпиташ	изпитам
изпиташе	изпитам
изпитащ	изпитам
изпитаща	изпитам
изпитащата	изпитам
изпитащи	изпитам
изпитащите	изпитам
изпитащия	изпитам
изпитащият	изпитам
изпитащо	изпитам
изпитащото	изпитам
изпитва	изпитвам
изпитвай	изпитвам
изпитвайки	изпитвам
изпитвайте	изпитвам
изпитвал	изпитвам
изпитвала	изпитвам
изпитвалата	изпитвам
изпитвали	изпитвам
изпитвалите	изпитвам
изпитвалия	изпитвам
изпитвалият	изпитвам
изпитвало	изпитвам
изпитвалото	изпитвам
изпитвам	изпитам
изпитвам	изпитвам
изпитваме	изпитвам
изпитван	изпитвам
изпитвана	изпитвам
изпитваната	изпитвам
изпитване	изпитвам
изпитванета	изпитвам
изпитванетата	изпитвам
изпитването	изпитвам
изпитвани	изпитвам
изпитваните	изпитвам
изпитвания	изпитвам
изпитваният	изпитвам
изпитванията	изпитвам
изпитвано	изпитвам
изпитваното	изпитвам
изпитват	изпитвам
изпитвате	изпитвам
изпитвах	изпитвам
изпитваха	изпитвам
изпитвахме	изпитвам
изпитвахте	изпитвам
изпитваш	изпитвам
изпитваше	изпитвам
изпитващ	изпитвам
изпитваща	изпитвам
изпитващата	изпитвам
изпитващи	изпитвам
изпитващите	изпитвам
изпитващия	изпитвам
изпитващият	изпитвам
изпитващо	изпитвам
изпитващото	изпитвам
използва	използвам
използвай	използвам
използвайки	използвам
използвайте	използвайте
използвайте	използвам
използвал	използвам
използвала	използвам
използвалата	използвам
използвали	използвам
използвалите	използвам
използвалия	използвам
използвалият	използвам
използвало	използвам
използвалото	използвам
използвам	използвам
използваме	използвам
използван	използвам
използвана	използвам
използваната	използвам
използване	използвам
използванета	използвам
използванетата	използвам
използването	използвам
използвани	използвам
използваните	използвам
използвания	използвам
използваният	използвам
използванията	използвам
използвано	използвам
използваното	използвам
използват	използвам
използвате	използвам
използвате	използвате
използвах	използвам
използваха	използвам
използвахме	използвам
използвахте	използвам
използваш	използвам
използваше	използвам
използващ	използвам
използваща	използвам
използващата	използвам
използващи	използвам
използващите	използвам
използващия	използвам
използващият	използвам
използващо	използвам
използващото	използвам
изправен	изправен
изправна	изправен
изправната	изправен
изправни	изправен
изправните	изправен
изправния	изправен
изправният	изправен
изправно	изправен
изправното	изправен
изпусне	изпусне
изчакайте	изчакайте
изчакам	изчакам
или	или
има	има
инструкция	инструкция
инструмент	инструмент
инструмента	инструмент
инструменти	инструмент
инструментите	инструмент
инструментът	инструмент
й	и
к	към
кабел	кабел
кабела	кабел
кабелен	кабел
кабели	кабел
кабелите	кабел
кабелче	кабел
кабелът	кабел
каква	какъв
какви	какъв
какво	какъв
каков	какъв
какъв	какъв
капак	капак
капака	капак
капакът	капак
капаци	капак
капаците	капак
клапан	клапан
клапанът	клапанът
клема	клема
когато	когато
когото	който
код	код
което	което
което	който
които	който
който	който
количества	количество
количествата	количество
количествен	количество
количество	количество
количеството	количество
колко	колко
компонент	компонент
комуто	който
конектор	конектор
контакт	контакт
контакта	контакт
контакти	контакт
контактите	контакт
контактът	контакт
корпус	корпус
корпуса	корпус
корпуси	корпус
корпусите	корпус
корпусът	корпус
корпусът	корпусът
която	който
която	която
краища	край
краищата	край
край	край
крайове	край
крайовете	край
края	край
краят	край
кръгла	кръгъл
кръглата	кръгъл
кръгли	кръгъл
кръглите	кръгъл
кръглия	кръгъл
кръглият	кръгъл
кръгло	кръгъл
кръглото	кръгъл
кръгъл	кръгъл
кък	към
към	към
къс	къс
къса	къс
късата	къс
къси	къс
късите	къс
късия	къс
късият	къс
късо	къс
късове	къс
късовете	къс
късото	къс
късът	къс
къх	към
лагер	лагер
лагера	лагер
лагери	лагер
лагерите	лагер
лагерът	лагер
лев	ляв
леви	ляв
левите	ляв
левия	ляв
левият	ляв
легък	лек
лек	лек
лека	лек
леката	лек
леки	лек
леките	лек
лекия	лек
лекият	лек
леко	лек
лекове	лек
лековете	лек
лекост	лек
лекота	лек
лекото	лек
лекът	лек
ляв	ляв
лява	ляв
лявата	ляв
ляво	ляв
лявост	ляв
лявото	ляв
лѣвъ	ляв
мêсто	място
максимален	максимален
максимална	максимален
максималната	максимален
максимални	максимален
максималните	максимален
максималния	максимален
максималният	максимален
максимално	максимален
максималното	максимален
максимум	максимум
мал	малък
мален	малък
малечък	малък
малка	малък
малката	малък
малки	малък
малкий	малък
малките	малък
малкия	малък
малкият	малък
малко	малък
малкост	малък
малкото	малък
малък	малък
маркуч	маркуч
маркуча	маркуч
маркуче	маркуч
маркучи	маркуч
маркучите	маркуч
маркучът	маркуч
маса	маса
масата	маса
маси	маса
масите	маса
масла	масло
маслата	масло
маслен	масло
масло	масло
маслото	масло
масов	маса
масълце	масло
материал	материал
материала	материал
материален	материал
материали	материал
материалите	материал
материалът	материал
машина	машина
машината	машина
машинен	машина
машини	машина
машините	машина
машинка	машина
машино	машина
машꙑна	машина
мащаб	мащаб
мащаба	мащаб
мащаби	мащаб
мащабите	мащаб
мащабът	мащаб
между	между
мек	мек
мека	мек
меката	мек
меки	мек
меките	мек
мекия	мек
мекият	мек
меко	мек
мекото	мек
мекък	мек
места	място
местата	място
местен	място
местенце	място
место	място
местце	място
механичен	механичен
минимален	минимален
минимална	минимален
минималната	минимален
минимални	минимален
минималните	минимален
минималния	минимален
минималният	минимален
минимално	минимален
минималното	минимален
минимум	минимум
модел	модел
модела	модел
моделе	модел
моделен	модел
модели	модел
моделите	модел
моделът	модел
може	може
мокра	мокър
мократа	мокър
мокри	мокър
мокрите	мокър
мокричък	мокър
мокрия	мокър
мокрият	мокър
мокро	мокър
мокрота	мокър
мокрото	мокър
мокър	мокър
момент	момент
момента	момент
моменти	момент
моментите	момент
моментът	момент
монтаж	монтаж
монтажа	монтаж
монтажи	монтаж
монтажите	монтаж
монтажът	монтаж
монтира	монтирам
монтирай	монтирам
монтирайки	монтирам
монтирайте	монтирайте
монтирайте	монтирам
монтирал	монтирам
монтирала	монтирам
монтиралата	монтирам
монтирали	монтирам
монтиралите	монтирам
монтиралия	монтирам
монтиралият	монтирам
монтирало	монтирам
монтиралото	монтирам
монтирам	монтирам
монтираме	монтирам
монтиран	монтирам
монтирана	монтирам
монтираната	монтирам
монтиране	монтирам
монтиранета	монтирам
монтиранетата	монтирам
монтирането	монтирам
монтирани	монтирам
монтираните	монтирам
монтирания	монтирам
монтираният	монтирам
монтиранията	монтирам
монтирано	монтирам
монтираното	монтирам
монтират	монтирам
монтирате	монтирам
монтирах	монтирам
монтираха	монтирам
монтирахме	монтирам
монтирахте	монтирам
монтираш	монтирам
монтираше	монтирам
монтиращ	монтирам
монтираща	монтирам
монтиращата	монтирам
монтиращи	монтирам
монтиращите	монтирам
монтиращия	монтирам
монтиращият	монтирам
монтиращо	монтирам
монтиращото	монтирам
мощност	мощност
мощности	мощност
мощностите	мощност
мощността	мощност
мръсен	мръсен
мръсна	мръсен
мръсната	мръсен
мръсни	мръсен
мръсните	мръсен
мръсния	мръсен
мръсният	мръсен
мръсно	мръсен
мръсното	мръсен
място	място
мястото	място
мѣсто	място
на	на
нагоре	нагоре
над	над
надолу	надолу
назад	назад
назаде	назад
най-безопасен	безопасен
най-безопасна	безопасен
най-безопасната	безопасен
най-безопасни	безопасен
най-безопасните	безопасен
най-безопасния	безопасен
най-безопасният	безопасен
най-безопасно	безопасен
най-безопасното	безопасен
най-висок	нисък
най-висока	нисък
най-високата	нисък
най-високи	нисък
най-високите	нисък
най-високия	нисък
най-високият	нисък
най-високо	нисък
най-високото	нисък
най-възможен	възможен
най-възможна	възможен
най-възможната	възможен
най-възможни	възможен
най-възможните	възможен
най-възможния	възможен
най-възможният	възможен
най-възможно	възможен
най-възможното	възможен
най-гладка	гладък
най-гладката	гладък
най-гладки	гладък
най-гладките	гладък
най-гладкия	гладък
най-гладкият	гладък
най-гладко	гладък
най-гладкото	гладък
най-гладък	гладък
най-големи	голям
най-големите	голям
най-големия	голям
най-големият	голям
най-голям	голям
най-голяма	голям
най-голямата	голям
най-голямо	голям
най-голямото	голям
най-горен	горен
най-горещ	горещ
най-гореща	горещ
най-горещата	горещ
най-горещи	горещ
най-горещите	горещ
най-горещия	горещ
най-горещият	горещ
най-горещо	горещ
най-горещото	горещ
най-горна	горен
най-горната	горен
най-горни	горен
най-горните	горен
най-горния	горен
най-горният	горен
най-горно	горен
най-горното	горен
най-дебел	тънък
най-дебела	тънък
най-дебелата	тънък
най-дебели	тънък
най-дебелите	тънък
най-дебелия	тънък
най-дебелият	тънък
най-дебело	тънък
най-дебелото	тънък
най-долен	долен
най-долна	долен
най-долната	долен
най-долни	долен
най-долните	долен
най-долния	долен
най-долният	долен
най-долно	долен
най-долното	долен
най-допустим	допустим
най-допустима	допустим
най-допустимата	допустим
най-допустими	допустим
най-допустимите	допустим
най-допустимия	допустим
най-допустимият	допустим
най-допустимо	допустим
най-допустимото	допустим
най-достатъчен	достатъчен
най-достатъчна	достатъчен
най-достатъчната	достатъчен
най-достатъчни	достатъчен
най-достатъчните	достатъчен
най-достатъчния	достатъчен
най-достатъчният	достатъчен
най-достатъчно	достатъчен
най-достатъчното	достатъчен
най-дълга	дълъг
най-дългата	дълъг
най-дълги	дълъг
най-дългите	дълъг
най-дългия	дълъг
най-дългият	дълъг
най-дълго	дълъг
най-дългото	дълъг
най-дълъг	дълъг
най-заден	заден
най-задна	заден
най-задната	заден
най-задни	заден
най-задните	заден
най-задния	заден
най-задният	заден
най-задно	заден
най-задното	заден
най-зает	зает
най-заета	зает
най-заетата	зает
най-заети	зает
най-заетите	зает
най-заетия	зает
най-заетият	зает
най-заето	зает
най-заетото	зает
най-затворен	затворен
най-затворена	затворен
най-затворената	затворен
най-затворени	затворен
най-затворените	затворен
най-затворения	затворен
най-затвореният	затворен
най-затворено	затворен
най-затвореното	затворен
най-изправен	изправен
най-изправна	изправен
най-изправната	изправен
най-изправни	изправен
най-изправните	изправен
най-изправния	изправен
най-изправният	изправен
най-изправно	изправен
най-изправното	изправен
най-кръгла	кръгъл
най-кръглата	кръгъл
най-кръгли	кръгъл
най-кръглите	кръгъл
най-кръглия	кръгъл
най-кръглият	кръгъл
най-кръгло	кръгъл
най-кръглото	кръгъл
най-кръгъл	кръгъл
най-къс	къс
най-къса	къс
най-късата	къс
най-къси	къс
най-късите	къс
най-късия	къс
най-късият	къс
най-късо	къс
най-късото	къс
най-леви	ляв
най-левите	ляв
най-левия	ляв
най-левият	ляв
най-лек	лек
най-лека	лек
най-леката	лек
най-леки	лек
най-леките	лек
най-лекия	лек
най-лекият	лек
най-леко	лек
най-лекото	лек
най-ляв	ляв
най-лява	ляв
най-лявата	ляв
най-ляво	ляв
най-лявото	ляв
най-малка	малък
най-малката	малък
най-малки	малък
най-малкий	малък
най-малките	малък
най-малкия	малък
най-малкият	малък
най-малко	малък
най-малко	най-малко
най-малкото	малък
най-малък	малък
най-мек	мек
най-мека	мек
най-меката	мек
най-меки	мек
най-меките	мек
най-мекия	мек
най-мекият	мек
най-меко	мек
най-мекото	мек
най-минимален	минимален
най-минимална	минимален
най-минималната	минимален
най-минимални	минимален
най-минималните	минимален
най-минималния	минимален
най-минималният	минимален
най-минимално	минимален
най-минималното	минимален
най-много	най-много
най-мокра	мокър
най-мократа	мокър
най-мокри	мокър
най-мокрите	мокър
най-мокрия	мокър
най-мокрият	мокър
най-мокро	мокър
най-мокрото	мокър
най-мокър	мокър
най-мръсен	мръсен
най-мръсна	мръсен
най-мръсната	мръсен
най-мръсни	мръсен
най-мръсните	мръсен
най-мръсния	мръсен
най-мръсният	мръсен
най-мръсно	мръсен
най-мръсното	мръсен
най-нагоре	нагоре
най-надолу	надолу
най-напред	напред
най-невъзможен	невъзможен
най-невъзможна	невъзможен
най-невъзможната	невъзможен
най-невъзможни	невъзможен
най-невъзможните	невъзможен
най-невъзможния	невъзможен
най-невъзможният	невъзможен
най-невъзможно	невъзможен
най-невъзможното	невъзможен
най-недопустим	недопустим
най-недопустима	недопустим
най-недопустимата	недопустим
най-недопустими	недопустим
най-недопустимите	недопустим
най-недопустимия	недопустим
най-недопустимият	недопустим
най-недопустимо	недопустим
най-недопустимото	недопустим
най-необходим	необходим
най-необходима	необходим
най-необходимата	необходим
най-необходими	необходим
най-необходимите	необходим
най-необходимия	необходим
най-необходимият	необходим
най-необходимо	необходим
най-необходимото	необходим
най-ниска	нисък
най-ниската	нисък
най-ниски	нисък
най-ниските	нисък
най-ниския	нисък
най-ниският	нисък
най-ниско	нисък
най-ниското	нисък
най-нисък	нисък
най-нов	нов
най-нова	нов
най-новата	нов
най-нови	нов
най-новите	нов
най-новия	нов
най-новият	нов
най-ново	нов
най-новото	нов
най-опасен	опасен
най-опасна	опасен
най-опасната	опасен
най-опасни	опасен
най-опасните	опасен
най-опасния	опасен
най-опасният	опасен
най-опасно	опасен
най-опасното	опасен
най-отворен	отворен
най-отворена	отворен
най-отворената	отворен
най-отворени	отворен
най-отворените	отворен
най-отворения	отворен
най-отвореният	отворен
най-отворено	отворен
най-отвореното	отворен
най-плоска	плосък
най-плоската	плосък
най-плоски	плосък
най-плоските	плосък
най-плоския	плосък
най-плоският	плосък
най-плоско	плосък
най-плоското	плосък
най-плосък	плосък
най-прав	прав
най-права	прав
най-правата	прав
най-прави	прав
най-правилен	правилен
най-правилна	правилен
най-правилната	правилен
най-правилни	правилен
най-правилните	правилен
най-правилния	правилен
най-правилният	правилен
най-правилно	правилен
най-правилното	правилен
най-правите	прав
най-правия	прав
най-правият	прав
най-право	прав
най-правото	прав
най-преден	преден
най-предна	преден
най-предната	преден
най-предни	преден
най-предните	преден
най-предния	преден
най-предният	преден
най-предно	преден
най-предното	преден
най-равен	равен
най-равна	равен
най-равната	равен
най-равни	равен
най-равните	равен
най-равния	равен
най-равният	равен
най-равно	равен
най-равно	равно
най-равното	равен
най-стар	стар
най-стара	стар
най-старата	стар
най-стари	стар
най-старий	стар
най-старите	стар
най-стария	стар
най-старият	стар
най-старо	стар
най-старото	стар
най-студен	студен
най-студена	студен
най-студената	студен
най-студени	студен
най-студените	студен
най-студения	студен
най-студеният	студен
най-студено	студен
най-студеното	студен
най-студна	студен
най-студната	студен
най-студни	студен
най-студните	студен
най-студния	студен
най-студният	студен
най-студно	студен
най-студното	студен
най-сух	сух
най-суха	сух
най-сухата	сух
най-сухи	сух
най-сухите	сух
най-сухия	сух
най-сухият	сух
най-сухо	сух
най-сухото	сух
най-твърд	твърд
най-твърда	твърд
най-твърдата	твърд
най-твърди	твърд
най-твърдите	твърд
най-твърдия	твърд
най-твърдият	твърд
най-твърдо	твърд
най-твърдото	твърд
най-тежка	тежък
най-тежката	тежък
най-тежки	тежък
най-тежките	тежък
най-тежкия	тежък
най-тежкият	тежък
най-тежко	тежък
най-тежкото	тежък
най-тежък	тежък
най-тесен	тесен
най-тесна	тесен
най-тесната	тесен
най-тесни	тесен
най-тесните	тесен
най-тесния	тесен
най-тесният	тесен
най-тесно	тесен
най-тесното	тесен
най-точен	точен
най-точна	точен
най-точната	точен
най-точни	точен
най-точните	точен
най-точния	точен
най-точният	точен
най-точно	точен
най-точното	точен
най-тънка	дебел
най-тънката	дебел
най-тънки	дебел
най-тънките	дебел
най-тънкия	дебел
най-тънкият	дебел
най-тънко	дебел
най-тънкото	дебел
най-тънък	дебел
най-тясна	тесен
най-тясната	тесен
най-тясно	тесен
най-тясното	тесен
най-централен	централен
най-централна	централен
най-централната	централен
най-централни	централен
най-централните	централен
най-централния	централен
най-централният	централен
най-централно	централен
най-централното	централен
най-чист	чист
най-чиста	чист
най-чистата	чист
най-чисти	чист
най-чистите	чист
най-чистия	чист
най-чистият	чист
най-чисто	чист
най-чистото	чист
най-широк	широк
най-широка	широк
най-широката	широк
най-широки	широк
най-широките	широк
най-широкия	широк
най-широкият	широк
най-широко	широк
най-широкото	широк
налягане	налягане
налягането	налягане
налягания	налягане
наляганията	налягане
напред	напред
напрежение	напрежение
напрежението	напрежение
напрежения	напрежение
напреженията	напрежение
натиска	натискам
натискай	натискам
натискайки	натискам
натискайте	натискам
натискал	натискам
натискала	натискам
натискалата	натискам
натискали	натискам
натискалите	натискам
натискалия	натискам
натискалият	натискам
натискало	натискам
натискалото	натискам
натискам	натискам
натискаме	натискам
натискан	натискам
натискана	натискам
натисканата	натискам
натискане	натискам
натисканета	натискам
натисканетата	натискам
натискането	натискам
натискани	натискам
натисканите	натискам
натискания	натискам
натисканият	натискам
натисканията	натискам
натискано	натискам
натисканото	натискам
натискат	натискам
натискате	натискам
натисках	натискам
натискаха	натискам
натискахме	натискам
натискахте	натискам
натискаш	натискам
натискаше	натискам
натискащ	натискам
натискаща	натискам
натискащата	натискам
натискащи	натискам
натискащите	натискам
натискащия	натискам
натискащият	натискам
натискащо	натискам
натискащото	натискам
натисна	натискам
натисна	натисна
натиснете	натиснете
натоварване	натоварване
натоварването	натоварване
натоварвания	натоварване
натоварванията	натоварване
начала	начало
началата	начало
начален	начало
начало	начало
началото	начало
начело	начало
не	не
невъзможен	невъзможен
невъзможна	невъзможен
невъзможната	невъзможен
невъзможни	невъзможен
невъзможните	невъзможен
невъзможния	невъзможен
невъзможният	невъзможен
невъзможно	невъзможен
невъзможното	невъзможен
недопустим	недопустим
недопустима	недопустим
недопустимата	недопустим
недопустими	недопустим
недопустимите	недопустим
недопустимия	недопустим
недопустимият	недопустим
недопустимо	недопустим
недопустимост	недопустим
недопустимото	недопустим
неизправен	неизправен
неизправност	неизправност
необходим	необходим
необходима	необходим
необходимата	необходим
необходими	необходим
необходимите	необходим
необходимия	необходим
необходимият	необходим
необходимо	необходим
необходимост	необходим
необходимото	необходим
неправилен	неправилен
нивга	никога
низък	нисък
никада	никога
никога	никога
никогаж	никога
никоги	никога
ниска	нисък
ниската	нисък
ниски	нисък
ниските	нисък
ниския	нисък
ниският	нисък
ниско	нисък
ниското	нисък
нисък	нисък
нит	нит
нита	нит
нитове	нит
нитовете	нит
нитът	нит
нов	нов
нова	нов
новата	нов
нови	нов
новите	нов
новия	нов
новият	нов
ново	нов
новото	нов
номер	номер
номера	номер
номерата	номер
номерът	номер
номинален	номинален
норма	норма
нумер	номер
обем	обем
обема	обем
обеми	обем
обемите	обем
обемът	обем
обратно	обратно
огледа	огледам
огледай	огледам
огледайте	огледайте
огледайте	огледам
огледал	огледам
огледала	огледам
огледалата	огледам
огледали	огледам
огледалите	огледам
огледалия	огледам
огледалият	огледам
огледало	огледам
огледалото	огледам
огледам	огледам
огледам	оглеждам
огледаме	огледам
огледан	огледам
огледана	огледам
огледаната	огледам
огледани	огледам
огледаните	огледам
огледания	огледам
огледаният	огледам
огледано	огледам
огледаното	огледам
огледат	огледам
огледате	огледам
огледах	огледам
огледаха	огледам
огледахме	огледам
огледахте	огледам
огледаш	огледам
огледаше	огледам
оглежда	оглеждам
оглеждай	оглеждам
оглеждайки	оглеждам
оглеждайте	оглеждам
оглеждал	оглеждам
оглеждала	оглеждам
оглеждалата	оглеждам
оглеждали	оглеждам
оглеждалите	оглеждам
оглеждалия	оглеждам
оглеждалият	оглеждам
оглеждало	оглеждам
оглеждалото	оглеждам
оглеждам	огледам
оглеждам	оглеждам
оглеждаме	оглеждам
оглеждан	оглеждам
оглеждана	оглеждам
оглежданата	оглеждам
оглеждане	оглеждам
оглежданета	оглеждам
оглежданетата	оглеждам
оглеждането	оглеждам
оглеждани	оглеждам
оглежданите	оглеждам
оглеждания	оглеждам
оглежданият	оглеждам
оглежданията	оглеждам
оглеждано	оглеждам
оглежданото	оглеждам
оглеждат	оглеждам
оглеждате	оглеждам
оглеждах	оглеждам
оглеждаха	оглеждам
оглеждахме	оглеждам
оглеждахте	оглеждам
оглеждаш	оглеждам
оглеждаше	оглеждам
оглеждащ	оглеждам
оглеждаща	оглеждам
оглеждащата	оглеждам
оглеждащи	оглеждам
оглеждащите	оглеждам
оглеждащия	оглеждам
оглеждащият	оглеждам
оглеждащо	оглеждам
оглеждащото	оглеждам
означа	означавам
означава	означавам
означавай	означавам
означавайки	означавам
означавайте	означавам
означавал	означавам
означавала	означавам
означавалата	означавам
означавали	означавам
означавалите	означавам
означавалия	означавам
означавалият	означавам
означавало	означавам
означавалото	означавам
означавам	означавам
означаваме	означавам
означаван	означавам
означавана	означавам
означаваната	означавам
означаване	означавам
означаванета	означавам
означаванетата	означавам
означаването	означавам
означавани	означавам
означаваните	означавам
означавания	означавам
означаваният	означавам
означаванията	означавам
означавано	означавам
означаваното	означавам
означават	означавам
означавате	означавам
означавах	означавам
означаваха	означавам
означавахме	означавам
означавахте	означавам
означаваш	означавам
означаваше	означавам
означаващ	означавам
означаваща	означавам
означаващата	означавам
означаващи	означавам
означаващите	означавам
означаващия	означавам
означаващият	означавам
означаващо	означавам
означаващото	означавам
означение	означение
около	около
опасен	опасен
опасна	опасен
опасната	опасен
опасни	опасен
опасните	опасен
опасния	опасен
опасният	опасен
опасно	опасен
опасност	опасен
опасност	опасност
опасности	опасност
опасностите	опасност
опасността	опасност
опасното	опасен
оператор	оператор
ос	ос
оси	ос
осите	ос
основа	основа
основавам	основа
основал	основа
основала	основа
основалата	основа
основали	основа
основалите	основа
основалия	основа
основалият	основа
основало	основа
основалото	основа
основан	основа
основана	основа
основаната	основа
основани	основа
основаните	основа
основания	основа
основаният	основа
основано	основа
основаното	основа
основат	основа
основата	основа
основах	основа
основаха	основа
основахме	основа
основахте	основа
основе	основа
основели	основа
основем	основа
основен	основа
основете	основа
основеш	основа
основеше	основа
основи	основа
основите	основа
основял	основа
основяла	основа
основяло	основа
основях	основа
основяха	основа
основяхме	основа
основяхте	основа
оста	ос
от	от
отваря	затварям
отваряй	затварям
отваряйки	затварям
отваряйте	затварям
отварял	затварям
отваряла	затварям
отварялата	затварям
отваряли	затварям
отварялите	затварям
отварялия	затварям
отварялият	затварям
отваряло	затварям
отварялото	затварям
отварям	затварям
отварям	затворя
отварям	отварям
отваряме	затварям
отварян	затварям
отваряна	затварям
отваряната	затварям
отваряне	затварям
отварянета	затварям
отварянетата	затварям
отварянето	затварям
отваряни	затварям
отваряните	затварям
отваряния	затварям
отваряният	затварям
отварянията	затварям
отваряно	затварям
отваряното	затварям
отварят	затварям
отваряте	затварям
отварях	затварям
отваряха	затварям
отваряхме	затварям
отваряхте	затварям
отваряш	затварям
отваряше	затварям
отварящ	затварям
отваряща	затварям
отварящата	затварям
отварящи	затварям
отварящите	затварям
отварящия	затварям
отварящият	затварям
отварящо	затварям
отварящото	затварям
отвора	отвора
отворел	затворя
отворела	затворя
отворели	затворя
отворело	затворя
отворен	затворя
отворен	отворен
отворена	затворя
отворена	отворен
отворената	затворя
отворената	отворен
отворени	затворя
отворени	отворен
отворените	затворя
отворените	отворен
отворения	затворя
отворения	отворен
отвореният	затворя
отвореният	отворен
отворено	затворя
отворено	отворен
отвореност	отворен
отвореното	затворя
отвореното	отворен
отворете	затворя
отворете	отворете
отворех	затворя
отвореха	затворя
отворехме	затворя
отворехте	затворя
отвореше	затворя
отвори	затворя
отворил	затворя
отворила	затворя
отворилата	затворя
отворили	затворя
отворилите	затворя
отворилия	затворя
отворилият	затворя
отворило	затворя
отворилото	затворя
отворим	затворя
отворите	затворя
отворих	затворя
отвориха	затворя
отворихме	затворя
отворихте	затворя
отвориш	затворя
отворя	затварям
отворя	затворя
отворя	отворя
отворят	затворя
отделно	отделно
отново	отново
отъ	от
панел	панел
паралелен	паралелен
перпендикулярен	перпендикулярен
перпендикулярна	перпендикулярен
перпендикулярната	перпендикулярен
перпендикулярни	перпендикулярен
перпендикулярните	перпендикулярен
перпендикулярния	перпендикулярен
перпендикулярният	перпендикулярен
перпендикулярно	перпендикулярен
перпендикулярност	перпендикулярен
перпендикулярното	перпендикулярен
платка	платка
плоска	плосък
плоската	плосък
плоски	плосък
плоските	плосък
плоския	плосък
плоският	плосък
плоско	плосък
плоскост	плосък
плоското	плосък
плосък	плосък
плоча	плоча
плочата	плоча
плочи	плоча
плочите	плоча
пневматичен	пневматичен
по	по
по-	по
по-безопасен	безопасен
по-безопасна	безопасен
по-безопасната	безопасен
по-безопасни	безопасен
по-безопасните	безопасен
по-безопасния	безопасен
по-безопасният	безопасен
по-безопасно	безопасен
по-безопасното	безопасен
повече	повече
по-висок	нисък
по-висока	нисък
по-високата	нисък
по-високи	нисък
по-високите	нисък
по-високия	нисък
по-високият	нисък
по-високо	нисък
по-високото	нисък
повреда	повреда
повреден	повреден
повтаря	повтарям
повтаряй	повтарям
повтаряйки	повтарям
повтаряйте	повтарям
повтарял	повтарям
повтаряла	повтарям
повтарялата	повтарям
повтаряли	повтарям
повтарялите	повтарям
повтарялия	повтарям
повтарялият	повтарям
повтаряло	повтарям
повтарялото	повтарям
повтарям	повтарям
повтарям	повторя
повтаряме	повтарям
повтарян	повтарям
повтаряна	повтарям
повтаряната	повтарям
повтаряне	повтарям
повтарянета	повтарям
повтарянетата	повтарям
повтарянето	повтарям
повтаряни	повтарям
повтаряните	повтарям
повтаряния	повтарям
повтаряният	повтарям
повтарянията	повтарям
повтаряно	повтарям
повтаряното	повтарям
повтарят	повтарям
повтаряте	повтарям
повтарях	повтарям
повтаряха	повтарям
повтаряхме	повтарям
повтаряхте	повтарям
повтаряш	повтарям
повтаряше	повтарям
повтарящ	повтарям
повтаряща	повтарям
повтарящата	повтарям
повтарящи	повтарям
повтарящите	повтарям
повтарящия	повтарям
повтарящият	повтарям
повтарящо	повтарям
повтарящото	повтарям
повторел	повторя
повторела	повторя
повторели	повторя
повторело	повторя
повторен	повторя
повторена	повторя
повторената	повторя
повторени	повторя
повторените	повторя
повторения	повторя
повтореният	повторя
повторено	повторя
повтореното	повторя
повторете	повторете
повторете	повторя
повторех	повторя
повтореха	повторя
повторехме	повторя
повторехте	повторя
повтореше	повторя
повтори	повторя
повторил	повторя
повторила	повторя
повторилата	повторя
повторили	повторя
повторилите	повторя
повторилия	повторя
повторилият	повторя
повторило	повторя
повторилото	повторя
повторим	повторя
повторите	повторя
повторих	повторя
повториха	повторя
повторихме	повторя
повторихте	повторя
повториш	повторя
повторя	повтарям
повторя	повторя
повторят	повторя
по-възможен	възможен
по-възможна	възможен
по-възможната	възможен
по-възможни	възможен
по-възможните	възможен
по-възможния	възможен
по-възможният	възможен
по-възможно	възможен
по-възможното	възможен
повърхност	повърхност
по-гладка	гладък
по-гладката	гладък
по-гладки	гладък
по-гладките	гладък
по-гладкия	гладък
по-гладкият	гладък
по-гладко	гладък
по-гладкото	гладък
по-гладък	гладък
по-големи	голям
по-големите	голям
по-големия	голям
по-големият	голям
по-голям	голям
по-голяма	голям
по-голямата	голям
по-голямо	голям
по-голямото	голям
по-горен	горен
по-горещ	горещ
по-гореща	горещ
по-горещата	горещ
по-горещи	горещ
по-горещите	горещ
по-горещия	горещ
по-горещият	горещ
по-горещо	горещ
по-горещото	горещ
по-горна	горен
по-горната	горен
по-горни	горен
по-горните	горен
по-горния	горен
по-горният	горен
по-горно	горен
по-горното	горен
под	под
пода	под
поддръжка	поддръжка
поддръжката	поддръжка
по-дебел	тънък
по-дебела	тънък
по-дебелата	тънък
по-дебели	тънък
по-дебелите	тънък
по-дебелия	тънък
по-дебелият	тънък
по-дебело	тънък
по-дебелото	тънък
подменете	подменете
подменя	подменя
подменям	подменям
подове	под
подовете	под
по-долен	долен
по-долна	долен
по-долната	долен
по-долни	долен
по-долните	долен
по-долния	долен
по-долният	долен
по-долно	долен
по-долното	долен
по-допустим	допустим
по-допустима	допустим
по-допустимата	допустим
по-допустими	допустим
по-допустимите	допустим
по-допустимия	допустим
по-допустимият	допустим
по-допустимо	допустим
по-допустимото	допустим
по-достатъчен	достатъчен
по-достатъчна	достатъчен
по-достатъчната	достатъчен
по-достатъчни	достатъчен
по-достатъчните	достатъчен
по-достатъчния	достатъчен
по-достатъчният	достатъчен
по-достатъчно	достатъчен
по-достатъчното	достатъчен
подъ	под
по-дълга	дълъг
по-дългата	дълъг
по-дълги	дълъг
по-дългите	дълъг
по-дългия	дълъг
по-дългият	дълъг
по-дълго	дълъг
по-дългото	дълъг
по-дълъг	дълъг
подът	под
по-заден	заден
по-задна	заден
по-задната	заден
по-задни	заден
по-задните	заден
по-задния	заден
по-задният	заден
по-задно	заден
по-задното	заден
по-зает	зает
по-заета	зает
по-заетата	зает
по-заети	зает
по-заетите	зает
по-заетия	зает
по-заетият	зает
по-заето	зает
по-заетото	зает
по-затворен	затворен
по-затворена	затворен
по-затворената	затворен
по-затворени	затворен
по-затворените	затворен
по-затворения	затворен
по-затвореният	затворен
по-затворено	затворен
по-затвореното	затворен
позиции	позиция
позициите	позиция
позиция	позиция
позицията	позиция
по-изправен	изправен
по-изправна	изправен
по-изправната	изправен
по-изправни	изправен
по-изправните	изправен
по-изправния	изправен
по-изправният	изправен
по-изправно	изправен
по-изправното	изправен
покажа	покажа
покажа	показвам
покажат	покажа
покаже	покажа
покажел	покажа
покажела	покажа
покажели	покажа
покажело	покажа
покажем	покажа
покажете	покажа
покажех	покажа
покажеха	покажа
покажехме	покажа
покажехте	покажа
покажеш	покажа
покажеше	покажа
покажи	покажа
показа	покажа
показал	покажа
показала	покажа
показалата	покажа
показали	покажа
показалите	покажа
показалия	покажа
показалият	покажа
показало	покажа
показалото	покажа
показан	покажа
показана	покажа
показаната	покажа
показани	покажа
показаните	покажа
показания	покажа
показаният	покажа
показано	покажа
показаното	покажа
показах	покажа
показаха	покажа
показахме	покажа
показахте	покажа
показва	показвам
показвай	показвам
показвайки	показвам
показвайте	показвам
показвал	показвам
показвала	показвам
показвалата	показвам
показвали	показвам
показвалите	показвам
показвалия	показвам
показвалият	показвам
показвало	показвам
показвалото	показвам
показвам	покажа
показвам	показвам
показваме	показвам
показван	показвам
показвана	показвам
показваната	показвам
показване	показвам
показванета	показвам
показванетата	показвам
показването	показвам
показвани	показвам
показваните	показвам
показвания	показвам
показваният	показвам
показванията	показвам
показвано	показвам
показваното	показвам
показват	показвам
показвате	показвам
показвах	показвам
показваха	показвам
показвахме	показвам
показвахте	показвам
показваш	показвам
показваше	показвам
показващ	показвам
показваща	показвам
показващата	показвам
показващи	показвам
показващите	показвам
показващия	показвам
показващият	показвам
показващо	показвам
показващото	показвам
по-кръгла	кръгъл
по-кръглата	кръгъл
по-кръгли	кръгъл
по-кръглите	кръгъл
по-кръглия	кръгъл
по-кръглият	кръгъл
по-кръгло	кръгъл
по-кръглото	кръгъл
по-кръгъл	кръгъл
по-къс	къс
по-къса	къс
по-късата	къс
по-къси	къс
по-късите	къс
по-късия	къс
по-късият	къс
по-късо	къс
по-късото	къс
по-леви	ляв
по-левите	ляв
по-левия	ляв
по-левият	ляв
по-лек	лек
по-лека	лек
по-леката	лек
по-леки	лек
по-леките	лек
по-лекия	лек
по-лекият	лек
по-леко	лек
по-лекото	лек
положение	положение
положението	положение
положения	положение
положенията	положение
по-ляв	ляв
по-лява	ляв
по-лявата	ляв
по-ляво	ляв
по-лявото	ляв
по-малка	малък
по-малката	малък
по-малки	малък
по-малкий	малък
по-малките	малък
по-малкия	малък
по-малкият	малък
по-малко	малък
по-малко	по-малко
по-малкото	малък
по-малък	малък
по-мек	мек
по-мека	мек
по-меката	мек
по-меки	мек
по-меките	мек
по-мекия	мек
по-мекият	мек
по-меко	мек
по-мекото	мек
по-минимален	минимален
по-минимална	минимален
по-минималната	минимален
по-минимални	минимален
по-минималните	минимален
по-минималния	минимален
по-минималният	минимален
по-минимално	минимален
по-минималното	минимален
по-мокра	мокър
по-мократа	мокър
по-мокри	мокър
по-мокрите	мокър
по-мокрия	мокър
по-мокрият	мокър
по-мокро	мокър
по-мокрото	мокър
по-мокър	мокър
помпа	помпа
помпата	помпа
помпи	помпа
помпите	помпа
по-мръсен	мръсен
по-мръсна	мръсен
по-мръсната	мръсен
по-мръсни	мръсен
по-мръсните	мръсен
по-мръсния	мръсен
по-мръсният	мръсен
по-мръсно	мръсен
по-мръсното	мръсен
по-нагоре	нагоре
по-надолу	надолу
по-напред	напред
по-невъзможен	невъзможен
по-невъзможна	невъзможен
по-невъзможната	невъзможен
по-невъзможни	невъзможен
по-невъзможните	невъзможен
по-невъзможния	невъзможен
по-невъзможният	невъзможен
по-невъзможно	невъзможен
по-невъзможното	невъзможен
по-недопустим	недопустим
по-недопустима	недопустим
по-недопустимата	недопустим
по-недопустими	недопустим
по-недопустимите	недопустим
по-недопустимия	недопустим
по-недопустимият	недопустим
по-недопустимо	недопустим
по-недопустимото	недопустим
по-необходим	необходим
по-необходима	необходим
по-необходимата	необходим
по-необходими	необходим
по-необходимите	необходим
по-необходимия	необходим
по-необходимият	необходим
по-необходимо	необходим
по-необходимото	необходим
по-ниска	нисък
по-ниската	нисък
по-ниски	нисък
по-ниските	нисък
по-ниския	нисък
по-ниският	нисък
по-ниско	нисък
по-ниското	нисък
по-нисък	нисък
по-нов	нов
по-нова	нов
по-новата	нов
по-нови	нов
по-новите	нов
по-новия	нов
по-новият	нов
по-ново	нов
по-новото	нов
по-опасен	опасен
по-опасна	опасен
по-опасната	опасен
по-опасни	опасен
по-опасните	опасен
по-опасния	опасен
по-опасният	опасен
по-опасно	опасен
по-опасното	опасен
по-отворен	отворен
по-отворена	отворен
по-отворената	отворен
по-отворени	отворен
по-отворените	отворен
по-отворения	отворен
по-отвореният	отворен
по-отворено	отворен
по-отвореното	отворен
по-плоска	плосък
по-плоската	плосък
по-плоски	плосък
по-плоските	плосък
по-плоския	плосък
по-плоският	плосък
по-плоско	плосък
по-плоското	плосък
по-плосък	плосък
по-прав	прав
по-права	прав
по-правата	прав
по-прави	прав
по-правилен	правилен
по-правилна	правилен
по-правилната	правилен
по-правилни	правилен
по-правилните	правилен
по-правилния	правилен
по-правилният	правилен
по-правилно	правилен
по-правилното	правилен
по-правите	прав
по-правия	прав
по-правият	прав
по-право	прав
по-правото	прав
по-преден	преден
по-предна	преден
по-предната	преден
по-предни	преден
по-предните	преден
по-предния	преден
по-предният	преден
по-предно	преден
по-предното	преден
по-равен	равен
по-равна	равен
по-равната	равен
по-равни	равен
по-равните	равен
по-равния	равен
по-равният	равен
по-равно	равен
по-равно	равно
по-равното	равен
последен	последен
последна	последен
последната	последен
последни	последен
последните	последен
последния	последен
последният	последен
последно	последен
последното	последен
посока	посока
посоката	посока
посоки	посока
посоките	посока
поставел	поставя
поставела	поставя
поставели	поставя
поставело	поставя
поставен	поставя
поставена	поставя
поставената	поставя
поставени	поставя
поставените	поставя
поставения	поставя
поставеният	поставя
поставено	поставя
поставеното	поставя
поставете	поставете
поставете	поставя
поставех	поставя
поставеха	поставя
поставехме	поставя
поставехте	поставя
поставеше	поставя
постави	поставя
поставил	поставя
поставила	поставя
поставилата	поставя
поставили	поставя
поставилите	поставя
поставилия	поставя
поставилият	поставя
поставило	поставя
поставилото	поставя
поставим	поставя
поставите	поставя
поставих	поставя
поставиха	поставя
поставихме	поставя
поставихте	поставя
поставиш	поставя
поставя	поставя
поставя	поставям
поставяй	поставям
поставяйки	поставям
поставяйте	поставям
поставял	поставям
поставяла	поставям
поставялата	поставям
поставяли	поставям
поставялите	поставям
поставялия	поставям
поставялият	поставям
поставяло	поставям
поставялото	поставям
поставям	поставя
поставям	поставям
поставяме	поставям
поставян	поставям
поставяна	поставям
поставяната	поставям
поставяне	поставям
поставянета	поставям
поставянетата	поставям
поставянето	поставям
поставяни	поставям
поставяните	поставям
поставяния	поставям
поставяният	поставям
поставянията	поставям
поставяно	поставям
поставяното	поставям
поставят	поставя
поставят	поставям
поставяте	поставям
поставях	поставям
поставяха	поставям
поставяхме	поставям
поставяхте	поставям
поставяш	поставям
поставяше	поставям
поставящ	поставям
поставяща	поставям
поставящата	поставям
поставящи	поставям
поставящите	поставям
поставящия	поставям
поставящият	поставям
поставящо	поставям
поставящото	поставям
по-стар	стар
по-стара	стар
по-старата	стар
по-стари	стар
по-старий	стар
по-старите	стар
по-стария	стар
по-старият	стар
по-старо	стар
по-старото	стар
по-студен	студен
по-студена	студен
по-студената	студен
по-студени	студен
по-студените	студен
по-студения	студен
по-студеният	студен
по-студено	студен
по-студеното	студен
по-студна	студен
по-студната	студен
по-студни	студен
по-студните	студен
по-студния	студен
по-студният	студен
по-студно	студен
по-студното	студен
по-сух	сух
по-суха	сух
по-сухата	сух
по-сухи	сух
по-сухите	сух
по-сухия	сух
по-сухият	сух
по-сухо	сух
по-сухото	сух
по-твърд	твърд
по-твърда	твърд
по-твърдата	твърд
по-твърди	твърд
по-твърдите	твърд
по-твърдия	твърд
по-твърдият	твърд
по-твърдо	твърд
по-твърдото	твърд
по-тежка	тежък
по-тежката	тежък
по-тежки	тежък
по-тежките	тежък
по-тежкия	тежък
по-тежкият	тежък
по-тежко	тежък
по-тежкото	тежък
по-тежък	тежък
по-тесен	тесен
по-тесна	тесен
по-тесната	тесен
по-тесни	тесен
по-тесните	тесен
по-тесния	тесен
по-тесният	тесен
по-тесно	тесен
по-тесното	тесен
по-точен	точен
по-точна	точен
по-точната	точен
по-точни	точен
по-точните	точен
по-точния	точен
по-точният	точен
по-точно	точен
по-точното	точен
по-тънка	дебел
по-тънката	дебел
по-тънки	дебел
по-тънките	дебел
по-тънкия	дебел
по-тънкият	дебел
по-тънко	дебел
по-тънкото	дебел
по-тънък	дебел
по-тясна	тесен
по-тясната	тесен
по-тясно	тесен
по-тясното	тесен
по-централен	централен
по-централна	централен
по-централната	централен
по-централни	централен
по-централните	централен
по-централния	централен
по-централният	централен
по-централно	централен
по-централното	централен
по-чист	чист
по-чиста	чист
по-чистата	чист
почиствам	почиствам
почистете	почистете
по-чисти	чист
по-чистите	чист
по-чистия	чист
по-чистият	чист
по-чисто	чист
по-чистото	чист
почистя	почистя
по-широк	широк
по-широка	широк
по-широката	широк
по-широки	широк
по-широките	широк
по-широкия	широк
по-широкият	широк
по-широко	широк
по-широкото	широк
прав	прав
права	прав
правата	прав
праве	прав
прави	прав
правилен	правилен
правилна	правилен
правилната	правилен
правилни	правилен
правилните	правилен
правилния	правилен
правилният	правилен
правилно	правилен
правилното	правилен
правите	прав
правия	прав
правият	прав
право	прав
правото	прав
пред	пред
преден	преден
преди	преди
предна	преден
предната	преден
предни	преден
предните	преден
предния	преден
предният	преден
предно	преден
предното	преден
предпазвам	предпазвам
предпазител	предпазител
предпазя	предпазя
предупреждение	предупреждение
през	през
премахвам	премахвам
премахна	премахна
премахнете	премахнете
при	при
притисвам	притисна
притискам	притискам
притискам	притисна
притисна	притисна
притиснал	притисна
притиснала	притисна
притисналата	притисна
притиснали	притисна
притисналите	притисна
притисналия	притисна
притисналият	притисна
притиснало	притисна
притисналото	притисна
притиснат	притисна
притисната	притисна
притиснатата	притисна
притиснати	притисна
притиснатите	притисна
притиснатия	притисна
притиснатият	притисна
притиснато	притисна
притиснатото	притисна
притиснах	притисна
притиснаха	притисна
притиснахме	притисна
притиснахте	притисна
притисне	притисна
притиснел	притисна
притиснела	притисна
притиснели	притисна
притиснело	притисна
притиснем	притисна
притиснете	притисна
притиснете	притиснете
притиснех	притисна
притиснеха	притисна
притиснехме	притисна
притиснехте	притисна
притиснеш	притисна
притиснеше	притисна
притисни	притисна
причина	причина
причината	причина
причини	причина
причините	причина
проверете	проверете
проверка	проверка
проверя	проверя
проверявам	проверявам
проводник	проводник
проводника	проводник
проводников	проводник
проводникът	проводник
проводници	проводник
проводниците	проводник
продължа	продължа
продължа	продължавам
продължава	продължавам
продължавай	продължавам
продължавайки	продължавам
продължавайте	продължавам
продължавал	продължавам
продължавала	продължавам
продължавалата	продължавам
продължавали	продължавам
продължавалите	продължавам
продължавалия	продължавам
продължавалият	продължавам
продължавало	продължавам
продължавалото	продължавам
продължавам	продължа
продължавам	продължавам
продължаваме	продължавам
продължаван	продължавам
продължавана	продължавам
продължаваната	продължавам
продължаване	продължавам
продължаванета	продължавам
продължаванетата	продължавам
продължаването	продължавам
продължавани	продължавам
продължаваните	продължавам
продължавания	продължавам
продължаваният	продължавам
продължаванията	продължавам
продължавано	продължавам
продължаваното	продължавам
продължават	продължавам
продължавате	продължавам
продължавах	продължавам
продължаваха	продължавам
продължавахме	продължавам
продължавахте	продължавам
продължаваш	продължавам
продължаваше	продължавам
продължаващ	продължавам
продължаваща	продължавам
продължаващата	продължавам
продължаващи	продължавам
продължаващите	продължавам
продължаващия	продължавам
продължаващият	продължавам
продължаващо	продължавам
продължаващото	продължавам
продължал	продължа
продължала	продължа
продължали	продължа
продължало	продължа
продължат	продължа
продължах	продължа
продължаха	продължа
продължахме	продължа
продължахте	продължа
продължел	продължа
продължела	продължа
продължели	продължа
продължело	продължа
продължен	продължа
продължена	продължа
продължената	продължа
продължени	продължа
продължените	продължа
продължения	продължа
продълженият	продължа
продължено	продължа
продълженото	продължа
продължете	продължа
продължете	продължете
продължех	продължа
продължеха	продължа
продължехме	продължа
продължехте	продължа
продължеше	продължа
продължи	продължа
продължил	продължа
продължила	продължа
продължилата	продължа
продължили	продължа
продължилите	продължа
продължилия	продължа
продължилият	продължа
продължило	продължа
продължилото	продължа
продължим	продължа
продължите	продължа
продължих	продължа
продължиха	продължа
продължихме	продължа
продължихте	продължа
продължиш	продължа
процедура	процедура
процедурата	процедура
процедурен	процедура
процедури	процедура
процедурите	процедура
прочел	прочета
прочела	прочета
прочелата	прочета
прочели	прочета
прочелите	прочета
прочелия	прочета
прочелият	прочета
прочело	прочета
прочелото	прочета
прочета	прочета
прочета	чета
прочетат	прочета
прочете	прочета
прочетели	прочета
прочетем	прочета
прочетен	прочета
прочетена	прочета
прочетената	прочета
прочетени	прочета
прочетените	прочета
прочетения	прочета
прочетеният	прочета
прочетено	прочета
прочетеното	прочета
прочетете	прочета
прочетете	прочетете
прочетеш	прочета
прочетеше	прочета
прочети	прочета
прочетох	прочета
прочетоха	прочета
прочетохме	прочета
прочетохте	прочета
прочетял	прочета
прочетяла	прочета
прочетяло	прочета
прочетях	прочета
прочетяха	прочета
прочетяхме	прочета
прочетяхте	прочета
прочитам	прочета
пружина	пружина
пружината	пружина
пружини	пружина
пружините	пружина
пръв	първи
първа	първи
първата	първи
първи	първи
първите	първи
първия	първи
първият	първи
първо	първи
първото	първи
работа	работа
работата	работа
работен	работа
работи	работа
работите	работа
работитѣ	работа
равен	равен
равна	равен
равната	равен
равни	равен
равните	равен
равния	равен
равният	равен
равно	равен
равно	равно
равното	равен
равното	равно
радиус	радиус
разви	развия
развива	развивам
развивай	развивам
развивайки	развивам
развивайте	развивам
развивал	развивам
развивала	развивам
развивалата	развивам
развивали	развивам
развивалите	развивам
развивалия	развивам
развивалият	развивам
развивало	развивам
развивалото	развивам
развивам	развивам
развивам	развия
развиваме	развивам
развиван	развивам
развивана	развивам
развиваната	развивам
развиване	развивам
развиванета	развивам
развиванетата	развивам
развиването	развивам
развивани	развивам
развиваните	развивам
развивания	развивам
развиваният	развивам
развиванията	развивам
развивано	развивам
развиваното	развивам
развиват	развивам
развивате	развивам
развивах	развивам
развиваха	развивам
развивахме	развивам
развивахте	развивам
развиваш	развивам
развиваше	развивам
развиващ	развивам
развиваща	развивам
развиващата	развивам
развиващи	развивам
развиващите	развивам
развиващия	развивам
развиващият	развивам
развиващо	развивам
развиващото	развивам
развие	развия
развиел	развия
развиела	развия
развиели	развия
развиело	развия
развием	развия
развиете	развия
развиех	развия
развиеха	развия
развиехме	развия
развиехте	развия
развиеш	развия
развиеше	развия
развий	развия
развийте	развийте
развийте	развия
развил	развия
развила	развия
развилата	развия
развили	развия
развилите	развия
развилия	развия
развилият	развия
развило	развия
развилото	развия
развит	развия
развита	развия
развитата	развия
развити	развия
развитите	развия
развития	развия
развитият	развия
развито	развия
развитото	развия
развих	развия
развиха	развия
развихме	развия
развихте	развия
развия	развивам
развия	развия
развият	развия
раздел	раздел
разкача	разкача
разкачвам	разкачвам
разкачете	разкачете
размер	размер
размера	размер
размери	размер
размерите	размер
размерът	размер
разхлабвам	разхлабвам
разхлабете	разхлабете
разхлабя	разхлабя
рамка	рамка
регулирайте	регулирайте
регулирам	регулирам
ред	ред
реда	ред
редове	ред
редовете	ред
редът	ред
режим	режим
резервоар	резервоар
резултат	резултат
резултата	резултат
резултати	резултат
резултатите	резултат
резултатът	резултат
реле	реле
ремонт	ремонт
ремонта	ремонт
ремонтен	ремонт
ремонти	ремонт
ремонтира	ремонтирам
ремонтирай	ремонтирам
ремонтирайки	ремонтирам
ремонтирайте	ремонтирайте
ремонтирайте	ремонтирам
ремонтирал	ремонтирам
ремонтирала	ремонтирам
ремонтиралата	ремонтирам
ремонтирали	ремонтирам
ремонтиралите	ремонтирам
ремонтиралия	ремонтирам
ремонтиралият	ремонтирам
ремонтирало	ремонтирам
ремонтиралото	ремонтирам
ремонтирам	ремонтирам
ремонтираме	ремонтирам
ремонтиран	ремонтирам
ремонтирана	ремонтирам
ремонтираната	ремонтирам
ремонтиране	ремонтирам
ремонтиранета	ремонтирам
ремонтиранетата	ремонтирам
ремонтирането	ремонтирам
ремонтирани	ремонтирам
ремонтираните	ремонтирам
ремонтирания	ремонтирам
ремонтираният	ремонтирам
ремонтиранията	ремонтирам
ремонтирано	ремонтирам
ремонтираното	ремонтирам
ремонтират	ремонтирам
ремонтирате	ремонтирам
ремонтирах	ремонтирам
ремонтираха	ремонтирам
ремонтирахме	ремонтирам
ремонтирахте	ремонтирам
ремонтираш	ремонтирам
ремонтираше	ремонтирам
ремонтиращ	ремонтирам
ремонтираща	ремонтирам
ремонтиращата	ремонтирам
ремонтиращи	ремонтирам
ремонтиращите	ремонтирам
ремонтиращия	ремонтирам
ремонтиращият	ремонтирам
ремонтиращо	ремонтирам
ремонтиращото	ремонтирам
ремонтите	ремонт
ремонтът	ремонт
ремък	ремък
ремъка	ремък
ремъкът	ремък
ремъци	ремък
ремъците	ремък
ремъчен	ремък
риск	риск
риска	риск
рискове	риск
рисковете	риск
рискът	риск
ръб	ръб
ръба	ръб
ръбове	ръб
ръбовете	ръб
ръбът	ръб
ръчен	автоматичен
ръчен	ръчен
ръчна	автоматичен
ръчната	автоматичен
ръчни	автоматичен
ръчните	автоматичен
ръчния	автоматичен
ръчният	автоматичен
ръчно	автоматичен
ръчното	автоматичен
рѫбъ	ръб
с	с
са	съм
само	само
свободен	свободен
свържа	свържа
свържат	свържа
свърже	свържа
свържел	свържа
свържела	свържа
свържели	свържа
свържело	свържа
свържем	свържа
свържете	свържа
свържете	свържете
свържех	свържа
свържеха	свържа
свържехме	свържа
свържехте	свържа
свържеш	свържа
свържеше	свържа
свържи	свържа
свърза	свържа
свързал	свържа
свързала	свържа
свързалата	свържа
свързали	свържа
свързалите	свържа
свързалия	свържа
свързалият	свържа
свързало	свържа
свързалото	свържа
свързан	свържа
свързана	свържа
свързаната	свържа
свързани	свържа
свързаните	свържа
свързания	свържа
свързаният	свържа
свързано	свържа
свързаното	свържа
свързах	свържа
свързаха	свържа
свързахме	свържа
свързахте	свържа
свързвам	свържа
свързвам	свързвам
се	се
сензор	сензор
сензора	сензор
сензори	сензор
сензорите	сензор
сензорът	сензор
си	съм
сила	сила
силата	сила
сили	сила
силите	сила
система	система
системата	система
системен	система
системи	система
системите	система
скорост	скорост
скорости	скорост
скоростите	скорост
скоростта	скорост
след	след
смажа	смажа
смажа	смазвам
смажат	смажа
смаже	смажа
смажел	смажа
смажела	смажа
смажели	смажа
смажело	смажа
смажем	смажа
смажете	смажа
смажете	смажете
смажех	смажа
смажеха	смажа
смажехме	смажа
смажехте	смажа
смажеш	смажа
смажеше	смажа
смажи	смажа
смаза	смажа
смазал	смажа
смазала	смажа
смазалата	смажа
смазали	смажа
смазалите	смажа
смазалия	смажа
смазалият	смажа
смазало	смажа
смазалото	смажа
смазан	смажа
смазана	смажа
смазаната	смажа
смазани	смажа
смазаните	смажа
смазания	смажа
смазаният	смажа
смазано	смажа
смазаното	смажа
смазах	смажа
смазаха	смажа
смазахме	смажа
смазахте	смажа
смазва	смазвам
смазвай	смазвам
смазвайки	смазвам
смазвайте	смазвам
смазвал	смазвам
смазвала	смазвам
смазвалата	смазвам
смазвали	смазвам
смазвалите	смазвам
смазвалия	смазвам
смазвалият	смазвам
смазвало	смазвам
смазвалото	смазвам
смазвам	смажа
смазвам	смазвам
смазваме	смазвам
смазван	смазвам
смазвана	смазвам
смазваната	смазвам
смазване	смазвам
смазванета	смазвам
смазванетата	смазвам
смазването	смазвам
смазвани	смазвам
смазваните	смазвам
смазвания	смазвам
смазваният	смазвам
смазванията	смазвам
смазвано	смазвам
смазваното	смазвам
смазват	смазвам
смазвате	смазвам
смазвах	смазвам
смазваха	смазвам
смазвахме	смазвам
смазвахте	смазвам
смазваш	смазвам
смазваше	смазвам
смазващ	смазвам
смазваща	смазвам
смазващата	смазвам
смазващи	смазвам
смазващите	смазвам
смазващия	смазвам
смазващият	смазвам
смазващо	смазвам
смазващото	смазвам
сме	съм
спецификация	спецификация
спира	спирам
спирай	спирам
спирайки	спирам
спирайте	спирам
спирал	спирам
спирала	спирам
спиралата	спирам
спирали	спирам
спиралите	спирам
спиралия	спирам
спиралият	спирам
спирало	спирам
спиралото	спирам
спирам	спирам
спирам	спра
спираме	спирам
спиран	спирам
спирана	спирам
спираната	спирам
спиране	спирам
спиранета	спирам
спиранетата	спирам
спирането	спирам
спирани	спирам
спираните	спирам
спирания	спирам
спираният	спирам
спиранията	спирам
спирано	спирам
спираното	спирам
спират	спирам
спирате	спирам
спирах	спирам
спираха	спирам
спирахме	спирам
спирахте	спирам
спираш	спирам
спираше	спирам
спиращ	спирам
спираща	спирам
спиращата	спирам
спиращи	спирам
спиращите	спирам
спиращия	спирам
спиращият	спирам
спиращо	спирам
спиращото	спирам
според	според
спра	спирам
спра	спра
спрат	спра
спре	спра
спрели	спра
спрелите	спра
спрелия	спра
спрелият	спра
спрем	спра
спрени	спра
спрените	спра
спрения	спра
спреният	спра
спрете	спра
спрете	спрете
спреш	спра
спреше	спра
спри	спра
спря	спра
спрял	спра
спряла	спра
спрялата	спра
спряло	спра
спрялото	спра
спрян	спра
спряна	спра
спряната	спра
спряно	спра
спряното	спра
спрях	спра
спряха	спра
спряхме	спра
спряхте	спра
сравнели	сравня
сравнен	сравня
сравнена	сравня
сравнената	сравня
сравнени	сравня
сравнените	сравня
сравнения	сравня
сравненият	сравня
сравнено	сравня
сравненото	сравня
сравнете	сравнете
сравнете	сравня
сравнеше	сравня
сравни	сравня
сравнил	сравня
сравнила	сравня
сравнилата	сравня
сравнили	сравня
сравнилите	сравня
сравнилия	сравня
сравнилият	сравня
сравнило	сравня
сравнилото	сравня
сравним	сравня
сравните	сравня
сравних	сравня
сравниха	сравня
сравнихме	сравня
сравнихте	сравня
сравниш	сравня
сравня	сравня
сравня	сравнявам
сравнява	сравнявам
сравнявай	сравнявам
сравнявайки	сравнявам
сравнявайте	сравнявам
сравнявал	сравнявам
сравнявала	сравнявам
сравнявалата	сравнявам
сравнявали	сравнявам
сравнявалите	сравнявам
сравнявалия	сравнявам
сравнявалият	сравнявам
сравнявало	сравнявам
сравнявалото	сравнявам
сравнявам	сравня
сравнявам	сравнявам
сравняваме	сравнявам
сравняван	сравнявам
сравнявана	сравнявам
сравняваната	сравнявам
сравняване	сравнявам
сравняванета	сравнявам
сравняванетата	сравнявам
сравняването	сравнявам
сравнявани	сравнявам
сравняваните	сравнявам
сравнявания	сравнявам
сравняваният	сравнявам
сравняванията	сравнявам
сравнявано	сравнявам
сравняваното	сравнявам
сравняват	сравнявам
сравнявате	сравнявам
сравнявах	сравнявам
сравняваха	сравнявам
сравнявахме	сравнявам
сравнявахте	сравнявам
сравняваш	сравнявам
сравняваше	сравнявам
сравняващ	сравнявам
сравняваща	сравнявам
сравняващата	сравнявам
сравняващи	сравнявам
сравняващите	сравнявам
сравняващия	сравнявам
сравняващият	сравнявам
сравняващо	сравнявам
сравняващото	сравнявам
сравнял	сравня
сравняла	сравня
сравняло	сравня
сравнят	сравня
сравнях	сравня
сравняха	сравня
сравняхме	сравня
сравняхте	сравня
сречу	срещу
срещу	срещу
срок	срок
срока	срок
срокове	срок
сроковете	срок
срокът	срок
стар	стар
стара	стар
старата	стар
стари	стар
старий	стар
старите	стар
стария	стар
старият	стар
старо	стар
старост	стар
старото	стар
старъ	стар
сте	съм
стойност	стойност
стойности	стойност
стойностите	стойност
стойността	стойност
страна	страна
страната	страна
странен	страна
страни	страна
страните	страна
страно	страна
стрелка	стрелка
студен	студен
студена	студен
студената	студен
студени	студен
студенина	студен
студените	студен
студения	студен
студеният	студен
студено	студен
студеното	студен
студна	студен
студната	студен
студни	студен
студните	студен
студния	студен
студният	студен
студно	студен
студното	студен
стъпка	стъпка
стъпката	стъпка
стъпки	стъпка
стъпките	стъпка
сум	съм
сух	сух
суха	сух
сухата	сух
сухи	сух
сухите	сух
сухия	сух
сухият	сух
сухо	сух
сухост	сух
сухота	сух
сухото	сух
схема	схема
с-щу	срещу
съ	с
съм	съм
съмъ	съм
съответствам	съответствам
съпротивление	съпротивление
със	с
състояние	състояние
състоянието	състояние
състояния	състояние
състоянията	състояние
ся	се
таблица	таблица
таблицата	таблица
таблици	таблица
таблиците	таблица
тази	тази
тва	това
т'ва	това
твърд	твърд
твърда	твърд
твърдата	твърд
твърди	твърд
твърдите	твърд
твърдия	твърд
твърдият	твърд
твърдо	твърд
твърдото	твърд
твърдта	твърд
тежина	тежък
тежичък	тежък
тежка	тежък
тежката	тежък
тежки	тежък
тежките	тежък
тежкия	тежък
тежкият	тежък
тежко	тежък
тежкото	тежък
тежък	тежък
тези	тези
температура	температура
температурата	температура
температурен	температура
температури	температура
температурите	температура
тенок	дебел
тенък	дебел
тесен	тесен
тесна	тесен
тесната	тесен
тесни	тесен
тесните	тесен
тесния	тесен
тесният	тесен
тесно	тесен
тесното	тесен
техник	техник
тип	тип
типа	тип
типов	тип
типове	тип
типовете	тип
типът	тип
това	това
този	този
ток	ток
тока	ток
токове	ток
токовете	ток
токът	ток
точен	точен
точна	точен
точната	точен
точни	точен
точните	точен
точния	точен
точният	точен
точно	точен
точност	точен
точното	точен
трета	трети
третата	трети
трети	трети
третите	трети
третия	трети
третият	трети
трето	трети
третото	трети
труба	тръба
тръб	тръба
тръба	тръба
тръбата	тръба
тръби	тръба
тръбите	тръба
тръбица	тръба
тръбичка	тръба
тръмба	тръба
трябва	трябва
трябвайки	трябва
трябвало	трябва
трябвалото	трябва
трябване	трябва
трябванета	трябва
трябванетата	трябва
трябването	трябва
трябвания	трябва
трябванията	трябва
трябваше	трябва
трябващо	трябва
трябващото	трябва
тъничък	дебел
тънка	дебел
тънката	дебел
тънки	дебел
тънките	дебел
тънкия	дебел
тънкият	дебел
тънко	дебел
тънкост	дебел
тънкото	дебел
тънък	дебел
тънък	тънък
тясен	тесен
тясна	тесен
тясната	тесен
тясно	тесен
тясното	тесен
тѣсенъ	тесен
уред	уред
уреда	уред
уреди	уред
уредите	уред
уредът	уред
устройство	устройство
фигура	фигура
фигурата	фигура
фигури	фигура
фигурите	фигура
фигурка	фигура
фиксирайте	фиксирайте
фиксирам	фиксирам
филтър	филтър
хидравличен	хидравличен
хоризонтален	хоризонтален
хоризонтална	хоризонтален
хоризонталната	хоризонтален
хоризонтални	хоризонтален
хоризонталните	хоризонтален
хоризонталния	хоризонтален
хоризонталният	хоризонтален
хоризонтално	хоризонтален
хоризонталност	хоризонтален
хоризонталното	хоризонтален
централен	централен
централна	централен
централната	централен
централни	централен
централните	централен
централния	централен
централният	централен
централно	централен
централното	централен
центрове	център
центровете	център
център	център
центъра	център
центърът	център
цикли	цикъл
циклите	цикъл
цикъл	цикъл
цикъла	цикъл
цикълът	цикъл
чака	чакам
чакай	чакам
чакайки	чакам
чакайте	чакам
чакал	чакам
чакала	чакам
чакалата	чакам
чакали	чакам
чакалите	чакам
чакалия	чакам
чакалият	чакам
чакало	чакам
чакалото	чакам
чакам	чакам
чакаме	чакам
чакан	чакам
чакана	чакам
чаканата	чакам
чакане	чакам
чаканета	чакам
чаканетата	чакам
чакането	чакам
чакани	чакам
чаканите	чакам
чакания	чакам
чаканият	чакам
чаканията	чакам
чакано	чакам
чаканото	чакам
чакат	чакам
чакате	чакам
чаках	чакам
чакаха	чакам
чакахме	чакам
чакахте	чакам
чакаш	чакам
чакаше	чакам
чакащ	чакам
чакаща	чакам
чакащата	чакам
чакащи	чакам
чакащите	чакам
чакащия	чакам
чакащият	чакам
чакащо	чакам
чакащото	чакам
часовниковата	часовниковата
част	част
части	част
частите	част
частичен	част
частта	част
че	че
чекам	чакам
чел	чета
чела	чета
челата	чета
чели	чета
челите	чета
челия	чета
челият	чета
чело	чета
челото	чета
чертеж	чертеж
чертежа	чертеж
чертежи	чертеж
чертежите	чертеж
чертежът	чертеж
чертожен	чертеж
честота	честота
чета	чета
четат	чета
четата	чета
чете	чета
четейки	чета
четели	чета
четем	чета
четен	чета
четена	чета
четената	чета
четене	чета
четенета	чета
четенетата	чета
четенето	чета
четени	чета
четените	чета
четения	чета
четеният	чета
четенията	чета
четено	чета
четеното	чета
четете	чета
четеш	чета
четеше	чета
чети	чета
четите	чета
четох	чета
четоха	чета
четохме	чета
четохте	чета
четял	чета
четяла	чета
четяло	чета
четях	чета
четяха	чета
четяхме	чета
четяхте	чета
четящ	чета
четяща	чета
четящата	чета
четящи	чета
четящите	чета
четящия	чета
четящият	чета
четящо	чета
четящото	чета
чист	чист
чиста	чист
чистата	чист
чисти	чист
чистите	чист
чистия	чист
чистият	чист
чисто	чист
чистото	чист
читам	чета
чрез	чрез
ш	ще
ш'	ще
ша	ще
шайба	шайба
шайбата	шайба
шайби	шайба
шайбите	шайба
ше	ще
ширина	ширина
ширината	ширина
ширини	ширина
ширините	ширина
широк	широк
широка	широк
широката	широк
широки	широк
широките	широк
широкия	широк
широкият	широк
широко	широк
широкото	широк
шъ	ще
ще	ще
щепсел	щепсел
щепсела	щепсел
щепсели	щепсел
щепселите	щепсел
щепселът	щепсел
щифт	щифт
ъгли	ъгъл
ъглите	ъгъл
ъглов	ъгъл
ъгъл	ъгъл
ъгъла	ъгъл
ъгълен	ъгъл
ъгъли	ъгъл
ъгълите	ъгъл
ъгълче	ъгъл
ъгълът	ъгъл
ѫгълъ	ъгъл
